{"mse": 0.09668452219729479, "r2": 0.9998850361336998}